{
  "years_compared": [
    2020,
    2021,
    2022,
    2023
  ],
  "n_years": 4,
  "MAPE_percent": 10.303924140081655,
  "RMSE": 0.6606621979836829,
  "R2": -1.2674002069850947,
  "actual_annual_mean": 5.85,
  "pred_annual_mean": 5.4378905570645495
}